country,Alpha-2 code,Alpha-3 code,Numeric code,ISO 3166-2,alternative_country_name_0,alternative_country_name_1,alternative_country_name_2,alternative_country_name_3,alternative_country_name_4,alternative_country_name_5,alternative_country_name_6,alternative_country_name_7,alternative_country_name_8,alternative_country_name_9,alternative_country_name_10,alternative_country_name_11,alternative_country_name_12,alternative_country_name_13,alternative_country_name_14,alternative_country_name_15,alternative_country_name_16,alternative_country_name_17,alternative_country_name_18,alternative_country_name_19,alternative_country_name_20,alternative_country_name_21,alternative_country_name_22,alternative_country_name_23,alternative_country_name_24,alternative_country_name_25
Afghanistan,AF,AFG,4,ISO 3166-2:AF,Islamic Republic of Afghanistan,Da Afġānistān Islāmī Jumhoryat,Jomhūrīyyeh Eslāmīyyeh Afġānestān,,,,,,,,,,,,,,,,,,,,,,,
Åland Islands,AX,ALA,248,ISO 3166-2:AX,,,,,,,,,,,,,,,,,,,,,,,,,,
Albania,AL,ALB,8,ISO 3166-2:AL,Republic of Albania,Republika e Shqipërisë,Arnavutluk,Arbanon,,,,,,,,,,,,,,,,,,,,,,
Algeria,DZ,DZA,12,ISO 3166-2:DZ,People's Democratic Republic of Algeria,al-Jazā’ir,al Jumhuriyya al Jazaa'iriyya ad-Dīmuqrāţiyya ash Sha'biyya,,,,,,,,,,,,,,,,,,,,,,,
American Samoa,AS,ASM,16,ISO 3166-2:AS,,,,,,,,,,,,,,,,,,,,,,,,,,
Andorra,AD,AND,20,ISO 3166-2:AD,Principality of Andorra,Principat d'Andorra,Principality of the Valleys of Andorra,,,,,,,,,,,,,,,,,,,,,,,
Angola,AO,AGO,24,ISO 3166-2:AO,,,,,,,,,,,,,,,,,,,,,,,,,,
Anguilla,AI,AIA,660,ISO 3166-2:AI,,,,,,,,,,,,,,,,,,,,,,,,,,
Antarctica,AQ,ATA,10,ISO 3166-2:AQ,,,,,,,,,,,,,,,,,,,,,,,,,,
Antigua and Barbuda,AG,ATG,28,ISO 3166-2:AG,,,,,,,,,,,,,,,,,,,,,,,,,,
Argentina,AR,ARG,32,ISO 3166-2:AR,Argentine Republic,la Argentina,the Argentine,Argentine Nation,United Provinces of the Río de la Plata,Argentine Confederation,,,,,,,,,,,,,,,,,,,,
Armenia,AM,ARM,51,ISO 3166-2:AM,Hayastan,Republic of Armenia,,,,,,,,,,,,,,,,,,,,,,,,
Aruba,AW,ABW,533,ISO 3166-2:AW,,,,,,,,,,,,,,,,,,,,,,,,,,
Australia,AU,AUS,36,ISO 3166-2:AU,Commonwealth of Australia,New Holland,,,,,,,,,,,,,,,,,,,,,,,,
Austria,AT,AUT,40,ISO 3166-2:AT,Republic of Austria,Republik Österreich,Österreich,,,,,,,,,,,,,,,,,,,,,,,
Azerbaijan,AZ,AZE,31,ISO 3166-2:AZ,Azərbaycan Respublikası,Republic of Azerbaijan,,,,,,,,,,,,,,,,,,,,,,,,
Bahamas,BS,BHS,44,ISO 3166-2:BS,,,,,,,,,,,,,,,,,,,,,,,,,,
Bahrain,BH,BHR,48,ISO 3166-2:BH,Kingdom of Bahrain,Mamlakat al-Baḥrayn,State of Bahrain,,,,,,,,,,,,,,,,,,,,,,,
Bangladesh,BD,BGD,50,ISO 3166-2:BD,বাংলাদেশ,গণপ্রজাতন্ত্রী বাংলাদেশ,People's Republic of Bangladesh,,,,,,,,,,,,,,,,,,,,,,,
Barbados,BB,BRB,52,ISO 3166-2:BB,Bim,Bimshire,Little England,The Rock,,,,,,,,,,,,,,,,,,,,,,
Belarus,BY,BLR,112,ISO 3166-2:BY,Republic of Belarus,Gudija,Byelorussia,White Russia,,,,,,,,,,,,,,,,,,,,,,
Belgium,BE,BEL,56,ISO 3166-2:BE,Kingdom of Belgium,Koninkrijk België,Royaume de Belgique,Königreich Belgien,,,,,,,,,,,,,,,,,,,,,,
Belize,BZ,BLZ,84,ISO 3166-2:BZ,British Honduras,,,,,,,,,,,,,,,,,,,,,,,,,
Benin,BJ,BEN,204,ISO 3166-2:BJ,Dahomey,Republic of Benin,République du Bénin,,,,,,,,,,,,,,,,,,,,,,,
Bermuda,BM,BMU,60,ISO 3166-2:BM,,,,,,,,,,,,,,,,,,,,,,,,,,
Bhutan,BT,BTN,64,ISO 3166-2:BT,Kingdom of Bhutan,Druk Gyal Khap,,,,,,,,,,,,,,,,,,,,,,,,
Bolivia,BO,BOL,68,ISO 3166-2:BO,Plurinational State of Bolivia,Estado Plurinacional de Bolivia,Republic of Bolívar,Republic of Bolivia,,,,,,,,,,,,,,,,,,,,,,
Bosnia and Herzegovina,BA,BIH,70,ISO 3166-2:BA,Republic of Bosnia and Herzegovina,Socialist Republic of Bosnia and Herzegovina,,,,,,,,,,,,,,,,,,,,,,,,
Botswana,BW,BWA,72,ISO 3166-2:BW,Bechuanaland,Republic of Botswana,,,,,,,,,,,,,,,,,,,,,,,,
Bouvet Island,BV,BVT,74,ISO 3166-2:BV,,,,,,,,,,,,,,,,,,,,,,,,,,
Brazil,BR,BRA,76,ISO 3166-2:BR,Pindorama,Terra de Santa Cruz,Ilha de Vera Cruz,Empire of Brazil,United States of Brazil,Federative Republic of Brazil,República Federativa do Brasil,Terra di Papaga,,,,,,,,,,,,,,,,,,
British Indian Ocean Territory,IO,IOT,86,ISO 3166-2:IO,,,,,,,,,,,,,,,,,,,,,,,,,,
Brunei Darussalam,BN,BRN,96,ISO 3166-2:BN,,,,,,,,,,,,,,,,,,,,,,,,,,
Bulgaria,BG,BGR,100,ISO 3166-2:BG,Republic of Bulgaria,Republika Bǎlgariya,People's Republic of Bulgaria,,,,,,,,,,,,,,,,,,,,,,,
Burkina Faso,BF,BFA,854,ISO 3166-2:BF,Upper Volta,Haute-Volta,Bourkina-Fasso,,,,,,,,,,,,,,,,,,,,,,,
Burundi,BI,BDI,108,ISO 3166-2:BI,Republic of Burundi,Republika y'Uburundi,République du Burundi,Kingdom of Burundi,,,,,,,,,,,,,,,,,,,,,,
Cambodia,KH,KHM,116,ISO 3166-2:KH,Kingdom of Cambodia,Royaume du Cambodge,Kampuchea,Khmer Republic,Democratic Kampuchea,People's Republic of Kampuchea,State of Cambodia,,,,,,,,,,,,,,,,,,,
Cameroon,CM,CMR,120,ISO 3166-2:CM,Republic of Cameroon,United Republic of Cameroon,Kamerun,,,,,,,,,,,,,,,,,,,,,,,
Canada,CA,CAN,124,ISO 3166-2:CA,Dominion of Canada,Dominion du Canada,Acadia,,,,,,,,,,,,,,,,,,,,,,,
Cape Verde,CV,CPV,132,ISO 3166-2:CV,Cabo Verde,,,,,,,,,,,,,,,,,,,,,,,,,
Cayman Islands,KY,CYM,136,ISO 3166-2:KY,,,,,,,,,,,,,,,,,,,,,,,,,,
Central African Republic,CF,CAF,140,ISO 3166-2:CF,Oubangui-Chari,Ubangi-Shari,République Centrafricaine,Empire Centrafricain,Central African Empire,,,,,,,,,,,,,,,,,,,,,
Chad,TD,TCD,148,ISO 3166-2:TD,Republic of Chad,République du Tchad,Jumhūrīyat Tashād,,,,,,,,,,,,,,,,,,,,,,,
Chile,CL,CHL,152,ISO 3166-2:CL,Republic of Chile,Chilli,Chili,Reyno de Chile,Capitania general de Chile,,,,,,,,,,,,,,,,,,,,,
China,CN,CHN,156,ISO 3166-2:CN,People's Republic of China,中华人民共和国,PRC,中国,Communist China,Red China,中共,Mainland China,中国大陆,中国內地,New China,新中国,Shenzhou,神州,Ch'in Empire,Cathay,Zhongguo,,,,,,,,,
Christmas Island,CX,CXR,162,ISO 3166-2:CX,,,,,,,,,,,,,,,,,,,,,,,,,,
Cocos (Keeling) Islands,CC,CCK,166,ISO 3166-2:CC,,,,,,,,,,,,,,,,,,,,,,,,,,
Colombia,CO,COL,170,ISO 3166-2:CO,Republic of Colombia,República de Colombia,Estados Unidos de Colombia,Confederación Granadina,República de la Nueva Granada,,,,,,,,,,,,,,,,,,,,,
Comoros,KM,COM,174,ISO 3166-2:KM,Union of the Comoros,Union des Comores,Udzima wa Komori,al-Ittiḥād al-Qumurī,United Republic of the Commoros,,,,,,,,,,,,,,,,,,,,,
Congo,CG,COG,178,ISO 3166-2:CG,Republic of the Congo,Congo Brazzaville,French Congo,,,,,,,,,,,,,,,,,,,,,,,
"Congo, the Democratic Republic of the",CD,COD,180,ISO 3166-2:CD,,,,,,,,,,,,,,,,,,,,,,,,,,
Cook Islands,CK,COK,184,ISO 3166-2:CK,,,,,,,,,,,,,,,,,,,,,,,,,,
Costa Rica,CR,CRI,188,ISO 3166-2:CR,Republic of Costa Rica,República de Costa Rica,,,,,,,,,,,,,,,,,,,,,,,,
Côte d'Ivoire,CI,CIV,384,ISO 3166-2:CI,Ivory Coast,,,,,,,,,,,,,,,,,,,,,,,,,
Croatia,HR,HRV,191,ISO 3166-2:HR,Republic of Croatia,Republika Hrvatska,Hrvatska,Hrvaška,,,,,,,,,,,,,,,,,,,,,,
Cuba,CU,CUB,192,ISO 3166-2:CU,Republic of Cuba,República de Cuba,,,,,,,,,,,,,,,,,,,,,,,,
Cyprus,CY,CYP,196,ISO 3166-2:CY,,,,,,,,,,,,,,,,,,,,,,,,,,
Czech Republic,CZ,CZE,203,ISO 3166-2:CZ,Czechia,Česká republika,Česko,ČR,CR,Bohemia,Czechland,the Czechlands,České země,Česká socialistická republika,ČSR,CSR,(Protektorát) Čechy a Morava,Země Koruny české,Koruna česká,Česká konfederace,,,,,,,,,,
Denmark,DK,DNK,208,ISO 3166-2:DK,Danmark,Kingdom of Denmark,Kongeriget Danmark,,,,,,,,,,,,,,,,,,,,,,,
Djibouti,DJ,DJI,262,ISO 3166-2:DJ,French Territory of the Afars and the Issas,French Somaliland,Obock Territory,Territoire français des Afars et des Issas,Côte française des Somalis,Territoire d'Obock,Republic of Djibouti,République de Djibouti,,,,,,,,,,,,,,,,,,
Dominica,DM,DMA,212,ISO 3166-2:DM,,,,,,,,,,,,,,,,,,,,,,,,,,
Dominican Republic,DO,DOM,214,ISO 3166-2:DO,,,,,,,,,,,,,,,,,,,,,,,,,,
Ecuador,EC,ECU,218,ISO 3166-2:EC,,,,,,,,,,,,,,,,,,,,,,,,,,
Egypt,EG,EGY,818,ISO 3166-2:EG,Miṣr,Meṣr,Aegyptus,Kīmi,Arab Republic of Egypt,,,,,,,,,,,,,,,,,,,,,
El Salvador,SV,SLV,222,ISO 3166-2:SV,,,,,,,,,,,,,,,,,,,,,,,,,,
Equatorial Guinea,GQ,GNQ,226,ISO 3166-2:GQ,Republic of Equatorial Guinea,Spanish Guinea,,,,,,,,,,,,,,,,,,,,,,,,
Eritrea,ER,ERI,232,ISO 3166-2:ER,,,,,,,,,,,,,,,,,,,,,,,,,,
Estonia,EE,EST,233,ISO 3166-2:EE,Eesti,Viru,Viro,Estland,Maarjamaa,Igaunija,,,,,,,,,,,,,,,,,,,,
Ethiopia,ET,ETH,231,ISO 3166-2:ET,Abyssinia,Habeshastan,Federal Democratic Republic of Ethiopia,Ethiopië,Al-Habasha,,,,,,,,,,,,,,,,,,,,,
Falkland Islands (Malvinas),FK,FLK,238,ISO 3166-2:FK,,,,,,,,,,,,,,,,,,,,,,,,,,
Faroe Islands,FO,FRO,234,ISO 3166-2:FO,,,,,,,,,,,,,,,,,,,,,,,,,,
Fiji,FJ,FJI,242,ISO 3166-2:FJ,,,,,,,,,,,,,,,,,,,,,,,,,,
Finland,FI,FIN,246,ISO 3166-2:FI,Republic of Finland,Suomi,Suomen tasavalta,Republiken Finland,Suomenmaa,Suopma,Suoma dásseváldi,Lääˊddjânnam,Lääˊddjânnam tääˊssväˊldd,Suomâ,Suomâ täsiväldi,Финля́ндия,Великое княжество Финляндское,Soome,,,,,,,,,,,,
France,FR,FRA,250,ISO 3166-2:FR,French Republic,République Française,L'Hexagone,Gaul,Gaule,Γαλλία,La France,Farança,Tsarfat,,,,,,,,,,,,,,,,,
French Guiana,GF,GUF,254,ISO 3166-2:GF,,,,,,,,,,,,,,,,,,,,,,,,,,
French Polynesia,PF,PYF,258,ISO 3166-2:PF,,,,,,,,,,,,,,,,,,,,,,,,,,
French Southern Territories,TF,ATF,260,ISO 3166-2:TF,,,,,,,,,,,,,,,,,,,,,,,,,,
Gabon,GA,GAB,266,ISO 3166-2:GA,Gabonese Republic,,,,,,,,,,,,,,,,,,,,,,,,,
Gambia,GM,GMB,270,ISO 3166-2:GM,,,,,,,,,,,,,,,,,,,,,,,,,,
Georgia,GE,GEO,268,ISO 3166-2:GE,,,,,,,,,,,,,,,,,,,,,,,,,,
Germany,DE,DEU,276,ISO 3166-2:DE,Federal Republic of Germany,Bundesrepublik Deutschland,Deutschland,BRD,FRG,Duitsland,Allemagne,Alemania,Germania,Německo,Niemcy,Németország,Alemannia,Nemacia,Bavaria,Prussia,Saksa,Saxony,East Germany,Deutsche Demokratische Republik,German Democratic Republic,DDR,GDR,,,
Ghana,GH,GHA,288,ISO 3166-2:GH,Gold Coast,United Gold Coast Convention,Ghana Tiŋzuɣu,Gaana,,,,,,,,,,,,,,,,,,,,,,
Gibraltar,GI,GIB,292,ISO 3166-2:GI,,,,,,,,,,,,,,,,,,,,,,,,,,
Greece,GR,GRC,300,ISO 3166-2:GR,Hellas,Ελλάδα,Ελλάς,Yunanistan,Hellenic Republic,Yavan,,,,,,,,,,,,,,,,,,,,
Greenland,GL,GRL,304,ISO 3166-2:GL,,,,,,,,,,,,,,,,,,,,,,,,,,
Grenada,GD,GRD,308,ISO 3166-2:GD,,,,,,,,,,,,,,,,,,,,,,,,,,
Guadeloupe,GP,GLP,312,ISO 3166-2:GP,,,,,,,,,,,,,,,,,,,,,,,,,,
Guam,GU,GUM,316,ISO 3166-2:GU,,,,,,,,,,,,,,,,,,,,,,,,,,
Guatemala,GT,GTM,320,ISO 3166-2:GT,,,,,,,,,,,,,,,,,,,,,,,,,,
Guernsey,GG,GGY,831,ISO 3166-2:GG,,,,,,,,,,,,,,,,,,,,,,,,,,
Guinea,GN,GIN,324,ISO 3166-2:GN,Republic of Guinea,French Guinea,Guinea-Conakry,,,,,,,,,,,,,,,,,,,,,,,
Guinea-Bissau,GW,GNB,624,ISO 3166-2:GW,Portuguese Guinea,Republic of Guinea-Bissau,Guiné-Bissao,Guinea,,,,,,,,,,,,,,,,,,,,,,
Guyana,GY,GUY,328,ISO 3166-2:GY,,,,,,,,,,,,,,,,,,,,,,,,,,
Haiti,HT,HTI,332,ISO 3166-2:HT,,,,,,,,,,,,,,,,,,,,,,,,,,
Heard Island and McDonald Islands,HM,HMD,334,ISO 3166-2:HM,,,,,,,,,,,,,,,,,,,,,,,,,,
Holy See (Vatican City State),VA,VAT,336,ISO 3166-2:VA,,,,,,,,,,,,,,,,,,,,,,,,,,
Honduras,HN,HND,340,ISO 3166-2:HN,,,,,,,,,,,,,,,,,,,,,,,,,,
Hong Kong,HK,HKG,344,ISO 3166-2:HK,,,,,,,,,,,,,,,,,,,,,,,,,,
Hungary,HU,HUN,348,ISO 3166-2:HU,Republic of Hungary,Hungarian People's Republic,Kingdom of Hungary,Regnum Hungariæ,Hungaria,Magyarország,Magyar Köztársaság,Magyar Népköztársaság,Magyar Tanácsköztársaság,Magyar Királyság,,,,,,,,,,,,,,,,
Iceland,IS,ISL,352,ISO 3166-2:IS,Republic of Iceland,Ísland,Lýðveldið Ísland,Fold,Thule,Frón,Ísafold,,,,,,,,,,,,,,,,,,,
India,IN,IND,356,ISO 3166-2:IN,Bhārat,Bhāratam भारतम,भारत,Bhārat Gaṇarājya भारत गणराज्य,Bhārata,ಭಾರತ,Bhāratadēśaṁ,భారతదేశం,ഇന്ത്യ,இந்தியா,Republic of India,Union of India,Hindustan,(Al-)Hind,भारतवर्ष,Bhārat Prajatantra,Bhāratavarṣa,,,,,,,,,
Indonesia,ID,IDN,360,ISO 3166-2:ID,Republic of Indonesia,Republik Indonesia,Nusantara,Insulinde,Indunesia,Indonesië,Dutch East Indies,Netherlands East-Indies,Nederlands(ch)-Indië,Hindia Belanda,,,,,,,,,,,,,,,,
Iran,IR,IRN,364,ISO 3166-2:IR,Persia,Islamic Republic of Iran,IRI,I.R.I.,I.R.I,,,,,,,,,,,,,,,,,,,,,
Iraq,IQ,IRQ,368,ISO 3166-2:IQ,Mesopotamia,Assyria,Babylon,,,,,,,,,,,,,,,,,,,,,,,
Ireland,IE,IRL,372,ISO 3166-2:IE,,,,,,,,,,,,,,,,,,,,,,,,,,
Isle of Man,IM,IMN,833,ISO 3166-2:IM,,,,,,,,,,,,,,,,,,,,,,,,,,
Israel,IL,ISR,376,ISO 3166-2:IL,State of Israel,מדינת ישראל,Medinat Yisra'el,دَوْلَة إِسْرَائِيل,Dawlat Isra'il,the Jewish State,the Hebrew State,the Holy Land,ארץ הקודש,Eretz Yisrael,ארץ ישראל,Tel Aviv regime,the Zionist entity,Occupied Palestine,Illegal State of Zion,Zionistan,Herzlstan,,,,,,,,,
Italy,IT,ITA,380,ISO 3166-2:IT,Repubblica Italiana,Italia,the Beautiful Country,the Boot,Ausonia,Esperia,Enotria,Tirrenia,,,,,,,,,,,,,,,,,,
Jamaica,JM,JAM,388,ISO 3166-2:JM,Xamayca,,,,,,,,,,,,,,,,,,,,,,,,,
Japan,JP,JPN,392,ISO 3166-2:JP,Nippon,日本,Yamato,,,,,,,,,,,,,,,,,,,,,,,
Jersey,JE,JEY,832,ISO 3166-2:JE,,,,,,,,,,,,,,,,,,,,,,,,,,
Jordan,JO,JOR,400,ISO 3166-2:JO,Hashemite Kingdom of Jordan,,,,,,,,,,,,,,,,,,,,,,,,,
Kazakhstan,KZ,KAZ,398,ISO 3166-2:KZ,Republic of Kazakhstan,Republic of Kazakhstan,Қазақстан,Қазақстан Республикасы,Qazaqstan,Alash,Алаш,Alaş,Kazakh Soviet Socialist Republic,Қазақ Кеңестік Социалистік Республикасы,Qazaq Keñestik Socïalïstik Respwblïkası,Казахская Советская Социалистическая Республика,Kazakhskaya Sovetskaya Sotsialisticheskaya Respublika,,,,,,,,,,,,,
Kenya,KE,KEN,404,ISO 3166-2:KE,Republic of Kenya,Jamhuri ya Kenya,British East Africa Protectorate,Kenya Colony,,,,,,,,,,,,,,,,,,,,,,
Kiribati,KI,KIR,296,ISO 3166-2:KI,,,,,,,,,,,,,,,,,,,,,,,,,,
"Korea, Democratic People's Republic of",KP,PRK,408,ISO 3166-2:KP,,,,,,,,,,,,,,,,,,,,,,,,,,
"Korea, Republic of (South Korea)",KR,KOR,410,ISO 3166-2:KR,,,,,,,,,,,,,,,,,,,,,,,,,,
Kuwait,KW,KWT,414,ISO 3166-2:KW,,,,,,,,,,,,,,,,,,,,,,,,,,
Kyrgyzstan,KG,KGZ,417,ISO 3166-2:KG,Kyrgyz Republic,Кыргызстан,Кыргыз Республикасы,Kyrgyz Respublikasy,Киргизия,Кыргызская Республика,Kyrgyzskaya Respublika,Kirghiz Soviet Socialist Republic,Кыргыз Советтик Социалисттик Республикасы,Kyrgyz Sovettik Sotsialisttik Respublikasy, Киргизская Советская Социалистическая Республика,Kirgizskaya Sovetskaya Sotsialisticheskaya Respublika,Kirghizia,Kirgizstan,Republic of Kyrgyzstan,,,,,,,,,,,
Lao People's Democratic Republic,LA,LAO,418,ISO 3166-2:LA,,,,,,,,,,,,,,,,,,,,,,,,,,
Latvia,LV,LVA,428,ISO 3166-2:LV,Latvija,Lettland,Letland,Letonija,Letonnie,,,,,,,,,,,,,,,,,,,,,
Lebanon,LB,LBN,422,ISO 3166-2:LB,The Lebanese Republic,Al-Jumhuriyya Al-Lubnaniyya,Lebnan or Lubnan,Liban,,,,,,,,,,,,,,,,,,,,,,
Lesotho,LS,LSO,426,ISO 3166-2:LS,Basutoland,Kingdom of Lesotho,,,,,,,,,,,,,,,,,,,,,,,,
Liberia,LR,LBR,430,ISO 3166-2:LR,,,,,,,,,,,,,,,,,,,,,,,,,,
Libyan Arab Jamahiriya,LY,LBY,434,ISO 3166-2:LY,,,,,,,,,,,,,,,,,,,,,,,,,,
Liechtenstein,LI,LIE,438,ISO 3166-2:LI,,,,,,,,,,,,,,,,,,,,,,,,,,
Lithuania,LT,LTU,440,ISO 3166-2:LT,Lietuva,Литва,Litva,Lietuvos Respublika,,,,,,,,,,,,,,,,,,,,,,
Luxembourg,LU,LUX,442,ISO 3166-2:LU,Grand Duchy of Luxembourg,Groussherzogdem Lëtzebuerg,Lëtzebuerg,Grand-Duché de Luxembourg,Großherzogtum Luxemburg,Luxemburg,Luxemburgo,Lussemburgo,,,,,,,,,,,,,,,,,,
Macao,MO,MAC,446,ISO 3166-2:MO,,,,,,,,,,,,,,,,,,,,,,,,,,
"Macedonia, the former Yugoslav Republic of",MK,MKD,807,ISO 3166-2:MK,,,,,,,,,,,,,,,,,,,,,,,,,,
Madagascar,MG,MDG,450,ISO 3166-2:MG,Madagasikara,Republic of Madagascar,Repoblikan'i Madagasikara,République de Madagascar,,,,,,,,,,,,,,,,,,,,,,
Malawi,MW,MWI,454,ISO 3166-2:MW,Nyasaland,Republic of Malawi,,,,,,,,,,,,,,,,,,,,,,,,
Malaysia,MY,MYS,458,ISO 3166-2:MY,Persekutuan Malaysia,Federation of Malaysia,Malaya,Sabah,Sarawak,Tanah Melayu,马来西亚,Mǎláixīyà,மலேசியா,Malesiya,,,,,,,,,,,,,,,,
Maldives,MV,MDV,462,ISO 3166-2:MV,Republic of the Maldives,The Maldive Islands,ދިވެހިރާއްޖެ,Dhivehi Raajje,Mahal Dvipa,मालदीव,Maléldvipa,الدولة المحلديبية,Dhibat-al-Mahal,,,,,,,,,,,,,,,,,
Mali,ML,MLI,466,ISO 3166-2:ML,,,,,,,,,,,,,,,,,,,,,,,,,,
Malta,MT,MLT,470,ISO 3166-2:MT,,,,,,,,,,,,,,,,,,,,,,,,,,
Marshall Islands,MH,MHL,584,ISO 3166-2:MH,,,,,,,,,,,,,,,,,,,,,,,,,,
Martinique,MQ,MTQ,474,ISO 3166-2:MQ,,,,,,,,,,,,,,,,,,,,,,,,,,
Mauritania,MR,MRT,478,ISO 3166-2:MR,Islamic Republic of Mauritania,République Islamique de Mauritanie,,,,,,,,,,,,,,,,,,,,,,,,
Mauritius,MU,MUS,480,ISO 3166-2:MU,,,,,,,,,,,,,,,,,,,,,,,,,,
Mayotte,YT,MYT,175,ISO 3166-2:YT,,,,,,,,,,,,,,,,,,,,,,,,,,
Mexico,MX,MEX,484,ISO 3166-2:MX,United Mexican States,Estados Unidos Mexicanos,México,República Mexicana,Méjico,MEX,MX,"Aztlán, Aztlān",,,,,,,,,,,,,,,,,,
"Micronesia, Federated States of",FM,FSM,583,ISO 3166-2:FM,,,,,,,,,,,,,,,,,,,,,,,,,,
"Moldova, Republic of",MD,MDA,498,ISO 3166-2:MD,,,,,,,,,,,,,,,,,,,,,,,,,,
Monaco,MC,MCO,492,ISO 3166-2:MC,,,,,,,,,,,,,,,,,,,,,,,,,,
Mongolia,MN,MNG,496,ISO 3166-2:MN,,,,,,,,,,,,,,,,,,,,,,,,,,
Montenegro,ME,MNE,499,ISO 3166-2:ME,Crna Gora,Republic of Montenegro,Republika Crna Gora,Mali i Zi,Karadag,Duklja,Zeta,Black Mountain,,,,,,,,,,,,,,,,,,
Montserrat,MS,MSR,500,ISO 3166-2:MS,,,,,,,,,,,,,,,,,,,,,,,,,,
Morocco,MA,MAR,504,ISO 3166-2:MA,Kingdom of Morocco,Al Mamkaka Al Maghribiya,The Far west kingdom,Maghreb,,,,,,,,,,,,,,,,,,,,,,
Mozambique,MZ,MOZ,508,ISO 3166-2:MZ,,,,,,,,,,,,,,,,,,,,,,,,,,
Myanmar,MM,MMR,104,ISO 3166-2:MM,Republic of the Union of Myanmar,Burma,,,,,,,,,,,,,,,,,,,,,,,,
Namibia,,NAM,516,ISO 3166-2:NA,,,,,,,,,,,,,,,,,,,,,,,,,,
Nauru,NR,NRU,520,ISO 3166-2:NR,,,,,,,,,,,,,,,,,,,,,,,,,,
Nepal,NP,NPL,524,ISO 3166-2:NP,संघिय लोकतान्त्रिक  गणतन्त्र नेपाल,Federal Democratic Republic Of Nepal,,,,,,,,,,,,,,,,,,,,,,,,
Netherlands,NL,NLD,528,ISO 3166-2:NL,Kingdom of the Netherlands,Koninkrijk der Nederlanden,Nederland,Holland,Batavia,Pays-Bas,,,,,,,,,,,,,,,,,,,,
Netherlands Antilles,AN,ANT,530,ISO 3166-2:AN,,,,,,,,,,,,,,,,,,,,,,,,,,
New Caledonia,NC,NCL,540,ISO 3166-2:NC,,,,,,,,,,,,,,,,,,,,,,,,,,
New Zealand,NZ,NZL,554,ISO 3166-2:NZ,Aotearoa,Realm of New Zealand,Dominion of New Zealand,,,,,,,,,,,,,,,,,,,,,,,
Nicaragua,NI,NIC,558,ISO 3166-2:NI,,,,,,,,,,,,,,,,,,,,,,,,,,
Niger,NE,NER,562,ISO 3166-2:NE,,,,,,,,,,,,,,,,,,,,,,,,,,
Nigeria,NG,NGA,566,ISO 3166-2:NG,,,,,,,,,,,,,,,,,,,,,,,,,,
Niue,NU,NIU,570,ISO 3166-2:NU,,,,,,,,,,,,,,,,,,,,,,,,,,
Norfolk Island,NF,NFK,574,ISO 3166-2:NF,,,,,,,,,,,,,,,,,,,,,,,,,,
Northern Mariana Islands,MP,MNP,580,ISO 3166-2:MP,,,,,,,,,,,,,,,,,,,,,,,,,,
Norway,NO,NOR,578,ISO 3166-2:NO,Norge,Noreg,Kingdom of Norway,Kongeriket Norge,Kongeriket Noreg,,,,,,,,,,,,,,,,,,,,,
Oman,OM,OMN,512,ISO 3166-2:OM,Sultanate of Oman,,,,,,,,,,,,,,,,,,,,,,,,,
Pakistan,PK,PAK,586,ISO 3166-2:PK,Islamic Republic of Pakistan,Federation of Pakistan,Dominion of Pakistan,West Pakistan,Sindhustan,Indoscythia,Mumlikat-e Khudadaad,,,,,,,,,,,,,,,,,,,
Palau,PW,PLW,585,ISO 3166-2:PW,Republic of Palau,Belau,,,,,,,,,,,,,,,,,,,,,,,,
"Palestinian Territory, Occupied",PS,PSE,275,ISO 3166-2:PS,,,,,,,,,,,,,,,,,,,,,,,,,,
Panama,PA,PAN,591,ISO 3166-2:PA,,,,,,,,,,,,,,,,,,,,,,,,,,
Papua New Guinea,PG,PNG,598,ISO 3166-2:PG,,,,,,,,,,,,,,,,,,,,,,,,,,
Paraguay,PY,PRY,600,ISO 3166-2:PY,,,,,,,,,,,,,,,,,,,,,,,,,,
Peru,PE,PER,604,ISO 3166-2:PE,Republic of Peru,República del Perú,Perú,Peruvian Republic,República Peruana,,,,,,,,,,,,,,,,,,,,,
Philippines,PH,PHL,608,ISO 3166-2:PH,Repúblika ng Pilipinas,Republic of the Philippines,Pilipinas,Filipinas,Las Islas Filipinas,Las Islas Felipenas,Pinás,PH,Philippine Islands,Filipina,Haríng Bayang Katagalugan,Islas de San Lázaro,,,,,,,,,,,,,,
Pitcairn,PN,PCN,612,ISO 3166-2:PN,,,,,,,,,,,,,,,,,,,,,,,,,,
Poland,PL,POL,616,ISO 3166-2:PL,Republic of Poland,Rzeczpospolita Polska,Polska,RP,People's Republic of Poland,Polska Rzeczpospolita Ludowa,Rzeczpospolita,Polish-Lithuanian Commonwealth,Rzeczpospolita Obojga Narodów,United Commonwealth of the Two Nations,Polonia,Lechia,,,,,,,,,,,,,,
Portugal,PT,PRT,620,ISO 3166-2:PT,Portuguese Republic,Lusitania,Galaico-Portuguese,Portucale,Galician-Portuguese,Ophiussa,Ophiusa,Portugalensis patrie,Portugalensium patrie,Portugaliae,Regno Portugalensium,Portugalis,Portugalliae et Algarbiae,Portugalliae,Lusitaniae,Purtugall,Burtughāl,Portingall,Portingal,Ocidental Praia Lusitana,Pátria Lusitana,Luxitania,Portugraal,,,
Puerto Rico,PR,PRI,630,ISO 3166-2:PR,Estado Libre Asociado de Puerto Rico,Commonwealth of Puerto Rico,Porto Rico,Associated Free State of Puerto Rico,Borikén,Borinquen,Borinken,,,,,,,,,,,,,,,,,,,
Qatar,QA,QAT,634,ISO 3166-2:QA,,,,,,,,,,,,,,,,,,,,,,,,,,
Reunion,RE,REU,638,ISO 3166-2:RE,,,,,,,,,,,,,,,,,,,,,,,,,,
Romania,RO,ROU,642,ISO 3166-2:RO,România,Rumania,Roumania,Kingdom of Romania,Regatul României,Romanian People's Republic,Republica Populară Romînă,Socialist Republic of Romania,Republica Socialistă România,,,,,,,,,,,,,,,,,
Russia,RU,RUS,643,ISO 3166-2:RU,Russian Federation,Российская Федерация,Russland,Россия,Rossiya,RF,Russian Socialist Federative Soviet Republic,Russian Soviet Federative Socialist Republic,RSFSR,Soviet Union,Union of Soviet Socialist Republics,USSR,Союз Советских Социалистических Республик,Soyuz Sovetskikh Sotsialisticheskikh Respublik,СССР,SSSR,SU,Сове́тский Сою́з,Sovetskiy Soyuz,Rus,Great Russia,,,,,
Rwanda,RW,RWA,646,ISO 3166-2:RW,Rwandese Republic,Republic of Rwanda,République du Rwanda,Repubulika y'u Rwanda,"""Pays des mille collines""",Ruanda,,,,,,,,,,,,,,,,,,,,
Saint Barthélemy,BL,BLM,652,ISO 3166-2:BL,,,,,,,,,,,,,,,,,,,,,,,,,,
"Saint Helena, Ascension and Tristan da Cunha",SH,SHN,654,ISO 3166-2:SH,,,,,,,,,,,,,,,,,,,,,,,,,,
Saint Kitts and Nevis,KN,KNA,659,ISO 3166-2:KN,Federation of Saint Kitts and Nevis,Federation of Saint Christopher and Nevis,Saint Christopher and Nevis,Saint Christopher-Nevis-Anguilla,Saint Kitts-Nevis-Anguilla,Saint Kitts,Saint Christopher,Liamuiga,Oualie,,,,,,,,,,,,,,,,,
Saint Lucia,LC,LCA,662,ISO 3166-2:LC,,,,,,,,,,,,,,,,,,,,,,,,,,
Saint Martin,MF,MAF,663,ISO 3166-2:MF,,,,,,,,,,,,,,,,,,,,,,,,,,
Saint Pierre and Miquelon,PM,SPM,666,ISO 3166-2:PM,,,,,,,,,,,,,,,,,,,,,,,,,,
Saint Vincent and the Grenadines,VC,VCT,670,ISO 3166-2:VC,Hairouna,,,,,,,,,,,,,,,,,,,,,,,,,
Samoa,WS,WSM,882,ISO 3166-2:WS,,,,,,,,,,,,,,,,,,,,,,,,,,
San Marino,SM,SMR,674,ISO 3166-2:SM,,,,,,,,,,,,,,,,,,,,,,,,,,
Sao Tome and Principe,ST,STP,678,ISO 3166-2:ST,,,,,,,,,,,,,,,,,,,,,,,,,,
Saudi Arabia,SA,SAU,682,ISO 3166-2:SA,Kingdom of Saudi Arabia,KSA,Saudia,Al-Mamlaka al-Arabiyya as-Saudiyya,Hijaz,Saudi regime,,,,,,,,,,,,,,,,,,,,
Senegal,SN,SEN,686,ISO 3166-2:SN,,,,,,,,,,,,,,,,,,,,,,,,,,
Serbia,RS,SRB,688,ISO 3166-2:RS,Republic of Serbia,Servia,Srbija,Republika Srbija,Serbia and Montenegro,Yugoslavia,Raška,Serboslavia,,,,,,,,,,,,,,,,,,
Seychelles,SC,SYC,690,ISO 3166-2:SC,,,,,,,,,,,,,,,,,,,,,,,,,,
Sierra Leone,SL,SLE,694,ISO 3166-2:SL,,,,,,,,,,,,,,,,,,,,,,,,,,
Singapore,SG,SGP,702,ISO 3166-2:SG,Republic of Singapore,Singapura,Sinhapura,Xīnjiāpō,新加坡,Ciŋkappūr,சிங்கப்பூர்,Pulau Ujong,Shōnan-tō,昭南島,little red dot,,,,,,,,,,,,,,,
Slovakia,SK,SVK,703,ISO 3166-2:SK,Slovak Republic,Slovensko,Slovenská republika,SR,Slovak Socialist Republic,Slovenská socialistická republika,SSR,,,,,,,,,,,,,,,,,,,
Slovenia,SI,SVN,705,ISO 3166-2:SI,Republic of Slovenia,Slovenija,Republika Slovenija,RS,,,,,,,,,,,,,,,,,,,,,,
Solomon Islands,SB,SLB,90,ISO 3166-2:SB,,,,,,,,,,,,,,,,,,,,,,,,,,
Somalia,SO,SOM,706,ISO 3166-2:SO,,,,,,,,,,,,,,,,,,,,,,,,,,
South Africa,ZA,ZAF,710,ISO 3166-2:ZA,Azania,Mzansi,Suid-Afrika,Zuid-Afrika,Union of South Africa,,,,,,,,,,,,,,,,,,,,,
South Georgia and the South Sandwich Islands,GS,SGS,239,ISO 3166-2:GS,,,,,,,,,,,,,,,,,,,,,,,,,,
Spain,ES,ESP,724,ISO 3166-2:ES,España,Kingdom of Spain,Reino de España,Espanya,Hispania,Espainia,Spanish State,La piel de toro,La pell de brau,Las Batuecas,Iberia,,,,,,,,,,,,,,,
Sri Lanka,LK,LKA,144,ISO 3166-2:LK,Ceylon,Democratic Socialist Republic of Sri Lanka,இலங்கை சனநாயக சோசலிசக் குடியரசு,Heladiva,Land of Sinhalese,Ratnadeepa,Island of Gems,elangai,இலங்கை,,,,,,,,,,,,,,,,,
Sudan,SD,SDN,736,ISO 3166-2:SD,Republic of the Sudan,The Sudan,Anglo-Egyptian Sudan,Mahdist State,Nubia,,,,,,,,,,,,,,,,,,,,,
Suriname,SR,SUR,740,ISO 3166-2:SR,Dutch Guiana,Netherlands Guiana,Republic of Suriname,Republiek Suriname,Surinam,,,,,,,,,,,,,,,,,,,,,
Svalbard and Jan Mayen,SJ,SJM,744,ISO 3166-2:SJ,,,,,,,,,,,,,,,,,,,,,,,,,,
Swaziland,SZ,SWZ,748,ISO 3166-2:SZ,Eswatini,eSwatini,Kingdom of Eswatini,,,,,,,,,,,,,,,,,,,,,,,
Sweden,SE,SWE,752,ISO 3166-2:SE,Sverige,Konungariket Sverige,Kingdom of Sweden,Svea Rike,Thule,Svitjod,,,,,,,,,,,,,,,,,,,,
Switzerland,CH,CHE,756,ISO 3166-2:CH,Schweiz,Schweizerische Eidgenossenschaft,Suisse,Confédération suisse,Svizzera,Confederazione Svizzera,Svizra,Confederaziun Svizra,Confoederatio Helvetica,Helvetia,CH,,,,,,,,,,,,,,,
Syrian Arab Republic,SY,SYR,760,ISO 3166-2:SY,,,,,,,,,,,,,,,,,,,,,,,,,,
Taiwan,TW,TWN,158,ISO 3166-2:TW,Republic of China,China,中國,中華民國,臺灣,台灣,ROC,Chinese Taipei,中華台北,Zhonggua Taipei,"Separate Customs Territory of Taiwan, Penghu, Kinmen and Matsu",台灣、澎湖、金門及馬祖個別關稅領域,"Taipei, China","Taiwan, Province of China",Nationalist China,Free China,Formosa,Cathay,Zhongguo,Qing dynasty,,,,,,
Tajikistan,TJ,TJK,762,ISO 3166-2:TJ,,,,,,,,,,,,,,,,,,,,,,,,,,
"Tanzania, United Republic of",TZ,TZA,834,ISO 3166-2:TZ,,,,,,,,,,,,,,,,,,,,,,,,,,
Thailand,TH,THA,764,ISO 3166-2:TH,Siam,ประเทศสยาม,Kingdom of Thailand,ราชอาณาจักรไทย,ประเทศไทย,,,,,,,,,,,,,,,,,,,,,
Timor-Leste,TL,TLS,626,ISO 3166-2:TL,East Timor,Democratic Republic of Timor-Leste,,,,,,,,,,,,,,,,,,,,,,,,
Togo,TG,TGO,768,ISO 3166-2:TG,,,,,,,,,,,,,,,,,,,,,,,,,,
Tokelau,TK,TKL,772,ISO 3166-2:TK,,,,,,,,,,,,,,,,,,,,,,,,,,
Tonga,TO,TON,776,ISO 3166-2:TO,,,,,,,,,,,,,,,,,,,,,,,,,,
Trinidad and Tobago,TT,TTO,780,ISO 3166-2:TT,Iere,Republic of Trinidad and Tobago,Trinbago,,,,,,,,,,,,,,,,,,,,,,,
Tunisia,TN,TUN,788,ISO 3166-2:TN,تونس,Republic of Tunisia,الجمهورية التونسية,,,,,,,,,,,,,,,,,,,,,,,
Turkey,TR,TUR,792,ISO 3166-2:TR,Republic of Turkey,Türkiye Cumhuriyeti,Asia Minor,Anatolia,Ottoman Empire,Turkish Empire,Porte,Sublime Porte,,,,,,,,,,,,,,,,,,
Turkmenistan,TM,TKM,795,ISO 3166-2:TM,,,,,,,,,,,,,,,,,,,,,,,,,,
Turks and Caicos,TC,TCA,796,ISO 3166-2:TC,,,,,,,,,,,,,,,,,,,,,,,,,,
Tuvalu,TV,TUV,798,ISO 3166-2:TV,Ellice Islands,,,,,,,,,,,,,,,,,,,,,,,,,
Uganda,UG,UGA,800,ISO 3166-2:UG,,,,,,,,,,,,,,,,,,,,,,,,,,
Ukraine,UA,UKR,804,ISO 3166-2:UA,Україна,UA,UKR.,Kievan Rus,Kingdom of Galicia–Volhynia,Kingdom of Ruthenia,Zaporizhian Host,,,,,,,,,,,,,,,,,,,
United Arab Emirates,AE,ARE,784,ISO 3166-2:AE,Trucial States,Al Emirat al Arabbiya al Muttahida,UAE,U.A.E.,The Emirates,,,,,,,,,,,,,,,,,,,,,
United Kingdom,GB,GBR,826,ISO 3166-2:GB,United Kingdom of Great Britain and Northern Ireland,Britain,Great Britain,UK,U.K.,Albion,Britannia,Perfidious Albion,Anglia,Alba,Caledonia,Cymru,Cambria,Ulster,,,,,,,,,,,,
United States Of America,US,USA,840,ISO 3166-2:US,United States,America,the States,US,U.S.,USA,Usa,U.S.A.,U.S.A,Columbia,Freedonia,Appalachia,Alleghany,Usonia,Usono,Usona,,,,,,,,,,
United States Minor Outlying Islands,UM,UMI,581,ISO 3166-2:UM,,,,,,,,,,,,,,,,,,,,,,,,,,
Uruguay,UY,URY,858,ISO 3166-2:UY,,,,,,,,,,,,,,,,,,,,,,,,,,
Uzbekistan,UZ,UZB,860,ISO 3166-2:UZ,,,,,,,,,,,,,,,,,,,,,,,,,,
Vanuatu,VU,VUT,548,ISO 3166-2:VU,New Hebrides,Niuhebridis,Nouvelles Hebrides,République de Vanuatu,Ripablik blong Vanuatu,Vanuatri,,,,,,,,,,,,,,,,,,,,
Venezuela,VE,VEN,862,ISO 3166-2:VE,,,,,,,,,,,,,,,,,,,,,,,,,,
Vietnam,VN,VNM,704,ISO 3166-2:VN,An Nam,Champa,Đại Việt,Giao Chỉ,French Indochina,Lĩnh Nam,Socialist Republic of Vietnam,North Vietnam,Democratic Republic of Vietnam,South Vietnam,Republic of Vietnam,Cộng hòa Xã hội Chủ nghĩa Việt Nam,Việt Nam,SRV,S.R.V.,VN,V.N.,,,,,,,,,
"Virgin Islands, British",VG,VGB,92,ISO 3166-2:VG,,,,,,,,,,,,,,,,,,,,,,,,,,
"Virgin Islands, U.S.",VI,VIR,850,ISO 3166-2:VI,,,,,,,,,,,,,,,,,,,,,,,,,,
Wallis and Futuna,WF,WLF,876,ISO 3166-2:WF,,,,,,,,,,,,,,,,,,,,,,,,,,
Western Sahara,EH,ESH,732,ISO 3166-2:EH,,,,,,,,,,,,,,,,,,,,,,,,,,
Yemen,YE,YEM,887,ISO 3166-2:YE,,,,,,,,,,,,,,,,,,,,,,,,,,
Zambia,ZM,ZMB,894,ISO 3166-2:ZM,Northern Rhodesia,Republic of Zambia,,,,,,,,,,,,,,,,,,,,,,,,
Zimbabwe,ZW,ZWE,716,ISO 3166-2:ZW,,,,,,,,,,,,,,,,,,,,,,,,,,
